{
  "solver": "Python 2D low-Mach buoyant multi-species transport check (vorticity-streamfunction)",
  "model_scope": "local x-z shutdown window; not full 3D compressible pipe CFD",
  "mesh_cells": 3993,
  "nx": 121,
  "nz": 33,
  "dt_s": 1.0,
  "stop_duration_s": 300.0,
  "local_length_m": 1200.0,
  "diameter_m": 1.2,
  "nu_m2_s": 0.00015,
  "diffusivity_m2_s": 7.8e-05,
  "buoyancy_scale": 0.08,
  "velocity_clip_mps": 0.4,
  "poisson_iterations": 180,
  "h2_top_mean": 0.1145339028221151,
  "h2_bottom_mean": 0.09010182900052639,
  "n2_top_mean": 0.7803190716357206,
  "n2_bottom_mean": 0.8038105698067287,
  "air_top_mean": 0.10514702554216436,
  "air_bottom_mean": 0.10608760119274491,
  "top_bottom_h2_delta": 0.024432073821588712,
  "top_bottom_n2_delta": -0.02349149817100815,
  "top_bottom_air_delta": -0.0009405756505805468,
  "h2_vertical_centroid_m": 0.040970011084373,
  "n2_vertical_centroid_m": -0.005108139423896312,
  "air_vertical_centroid_m": -0.0015432422915721536,
  "h2_air_vertical_separation_m": 0.04251325337594516,
  "h2_n2_vertical_separation_m": 0.046078150508269314,
  "top_h2_max": 0.9510022407384344,
  "bottom_h2_mean": 0.09010182900052639,
  "flammable_area_ratio": 0.0,
  "flammable_volume_ratio": 0.0,
  "max_speed_mps": 0.3363928252332663,
  "mean_speed_mps": 0.026963521820075234,
  "species_sum_max_error": 2.220446049250313e-16,
  "case_name": "DN1200_u7_p010_stop30_buoyant2d",
  "source_case": "DN1200_u7_p010_stop30",
  "D_m": 1.2,
  "note": "Solved local 2D low-Mach buoyant multi-species transport check. It includes momentum, buoyancy, and H2/N2/Air species transport, but is not a full 3D compressible pipe CFD."
}