{
  "solver": "Python 2D low-Mach buoyant multi-species transport check (vorticity-streamfunction)",
  "model_scope": "local x-z shutdown window; not full 3D compressible pipe CFD",
  "mesh_cells": 3993,
  "nx": 121,
  "nz": 33,
  "dt_s": 1.0,
  "stop_duration_s": 300.0,
  "local_length_m": 1200.0,
  "diameter_m": 1.2,
  "nu_m2_s": 0.00015,
  "diffusivity_m2_s": 7.8e-05,
  "buoyancy_scale": 0.08,
  "velocity_clip_mps": 0.4,
  "poisson_iterations": 180,
  "h2_top_mean": 0.11400911908981969,
  "h2_bottom_mean": 0.09668017908009166,
  "n2_top_mean": 0.7781354380927777,
  "n2_bottom_mean": 0.7948087107679443,
  "air_top_mean": 0.10785544281740249,
  "air_bottom_mean": 0.10851111015196406,
  "top_bottom_h2_delta": 0.017328940009728025,
  "top_bottom_n2_delta": -0.016673272675166606,
  "top_bottom_air_delta": -0.0006556673345615716,
  "h2_vertical_centroid_m": 0.028354507284265043,
  "n2_vertical_centroid_m": -0.0036641576881075045,
  "air_vertical_centroid_m": -0.0010502433366016148,
  "h2_air_vertical_separation_m": 0.029404750620866657,
  "h2_n2_vertical_separation_m": 0.032018664972372546,
  "top_h2_max": 0.8887402403031647,
  "bottom_h2_mean": 0.09668017908009166,
  "flammable_area_ratio": 0.0,
  "flammable_volume_ratio": 0.0,
  "max_speed_mps": 0.256070447187377,
  "mean_speed_mps": 0.025002239817698533,
  "species_sum_max_error": 2.220446049250313e-16,
  "case_name": "DN1200_u7_p010_stop60_buoyant2d",
  "source_case": "DN1200_u7_p010_stop60",
  "D_m": 1.2,
  "note": "Solved local 2D low-Mach buoyant multi-species transport check. It includes momentum, buoyancy, and H2/N2/Air species transport, but is not a full 3D compressible pipe CFD."
}