{
  "status": "prepared_input_not_solved",
  "case_id": "DN1200_u7_p010_stop60",
  "source_model": "1D H2/N2/Air mole-fraction FVM",
  "D_m": 1.2,
  "u_mps": 7.0,
  "p_back_MPa_abs": 0.1,
  "dx_m": 10.0,
  "beta_K": 0.5,
  "stop_position_fraction": 0.6,
  "stop_position_m": 7200.0,
  "stop_time_s": 1028.5714285714287,
  "h2_front_m": 7202.3130463263815,
  "n2_air_front_m": 8162.310868972972,
  "mixed_length_m": 880.0,
  "effective_n2_length_m": 650.0,
  "flammable_length_m": 0.0,
  "Fr_before_shutdown": 2.115483852889501,
  "Fr_shutdown": 0.0,
  "windows": [
    {
      "name": "h2_n2_front_200m",
      "center_m": 7202.3130463263815,
      "start_m": 7102.3130463263815,
      "end_m": 7302.3130463263815,
      "length_m": 200.0,
      "profile_csv": "windows\\h2_n2_front_200m\\initial_1d_profile.csv",
      "initial_point_vtk": "windows\\h2_n2_front_200m\\initial_field_points.vtk",
      "initial_preview_png": "windows\\h2_n2_front_200m\\initial_profile_preview.png",
      "mean_x_H2": 0.49737680657764716,
      "mean_x_N2": 0.5026231934223485,
      "mean_x_Air": 4.31110130584756e-15,
      "max_x_H2": 0.8465401832295063,
      "max_x_N2": 0.8589354701158255,
      "max_x_Air": 2.7746943293837564e-14
    },
    {
      "name": "n2_air_front_200m",
      "center_m": 8162.310868972972,
      "start_m": 8062.310868972972,
      "end_m": 8262.31086897297,
      "length_m": 199.9999999999991,
      "profile_csv": "windows\\n2_air_front_200m\\initial_1d_profile.csv",
      "initial_point_vtk": "windows\\n2_air_front_200m\\initial_field_points.vtk",
      "initial_preview_png": "windows\\n2_air_front_200m\\initial_profile_preview.png",
      "mean_x_H2": 4.62086625672331e-16,
      "mean_x_N2": 0.49737475971990114,
      "mean_x_Air": 0.5026252402800985,
      "max_x_H2": 1.82240930048366e-15,
      "max_x_N2": 0.8467100698509089,
      "max_x_Air": 0.8591106235801437
    },
    {
      "name": "full_isolation_zone_1200m",
      "center_m": 7682.3119576496765,
      "start_m": 7082.3119576496765,
      "end_m": 8282.311957649676,
      "length_m": 1199.999999999999,
      "profile_csv": "windows\\full_isolation_zone_1200m\\initial_1d_profile.csv",
      "initial_point_vtk": "windows\\full_isolation_zone_1200m\\initial_field_points.vtk",
      "initial_preview_png": "windows\\full_isolation_zone_1200m\\initial_profile_preview.png",
      "mean_x_H2": 0.10300776186023698,
      "mean_x_N2": 0.7914084848137207,
      "mean_x_Air": 0.1055837533260423,
      "max_x_H2": 0.8887402403031647,
      "max_x_N2": 0.9999991010678134,
      "max_x_Air": 0.9028581419905776
    }
  ],
  "important_note": "This is an external CFD input package, not solved CFD output."
}