{
  "status": "prepared_input_not_solved",
  "case_id": "DN1200_u7_p010_stop30",
  "source_model": "1D H2/N2/Air mole-fraction FVM",
  "D_m": 1.2,
  "u_mps": 7.0,
  "p_back_MPa_abs": 0.1,
  "dx_m": 10.0,
  "beta_K": 0.5,
  "stop_position_fraction": 0.3,
  "stop_position_m": 3600.0,
  "stop_time_s": 514.2857142857143,
  "h2_front_m": 3602.148106587988,
  "n2_air_front_m": 4562.143581056245,
  "mixed_length_m": 640.0,
  "effective_n2_length_m": 730.0,
  "flammable_length_m": 0.0,
  "Fr_before_shutdown": 2.115483852889501,
  "Fr_shutdown": 0.0,
  "windows": [
    {
      "name": "h2_n2_front_200m",
      "center_m": 3602.148106587988,
      "start_m": 3502.148106587988,
      "end_m": 3702.148106587988,
      "length_m": 200.0,
      "profile_csv": "windows\\h2_n2_front_200m\\initial_1d_profile.csv",
      "initial_point_vtk": "windows\\h2_n2_front_200m\\initial_field_points.vtk",
      "initial_preview_png": "windows\\h2_n2_front_200m\\initial_profile_preview.png",
      "mean_x_H2": 0.49504843793979847,
      "mean_x_N2": 0.5049515620602015,
      "mean_x_Air": 4.293100263072892e-18,
      "max_x_H2": 0.9179235547902671,
      "max_x_N2": 0.9362585803528986,
      "max_x_Air": 2.7940948430408645e-17
    },
    {
      "name": "n2_air_front_200m",
      "center_m": 4562.143581056245,
      "start_m": 4462.143581056245,
      "end_m": 4662.143581056245,
      "length_m": 200.0,
      "profile_csv": "windows\\n2_air_front_200m\\initial_1d_profile.csv",
      "initial_point_vtk": "windows\\n2_air_front_200m\\initial_field_points.vtk",
      "initial_preview_png": "windows\\n2_air_front_200m\\initial_profile_preview.png",
      "mean_x_H2": 1.5047846175963594e-19,
      "mean_x_N2": 0.49504583429896115,
      "mean_x_Air": 0.5049541657010388,
      "max_x_H2": 1.0980250962800055e-18,
      "max_x_N2": 0.9182089017856011,
      "max_x_Air": 0.9365261817892822
    },
    {
      "name": "full_isolation_zone_1200m",
      "center_m": 4082.1458438221166,
      "start_m": 3482.1458438221166,
      "end_m": 4682.145843822116,
      "length_m": 1199.9999999999995,
      "profile_csv": "windows\\full_isolation_zone_1200m\\initial_1d_profile.csv",
      "initial_point_vtk": "windows\\full_isolation_zone_1200m\\initial_field_points.vtk",
      "initial_preview_png": "windows\\full_isolation_zone_1200m\\initial_profile_preview.png",
      "mean_x_H2": 0.09985795038932373,
      "mean_x_N2": 0.7973838459779474,
      "mean_x_Air": 0.10275820363272889,
      "max_x_H2": 0.9510022407384344,
      "max_x_N2": 0.9999999999163088,
      "max_x_Air": 0.9675257359763768
    }
  ],
  "important_note": "This is an external CFD input package, not solved CFD output."
}