{
  "solver": "Python 2D low-Mach buoyant multi-species transport check (vorticity-streamfunction)",
  "model_scope": "local x-z shutdown window; not full 3D compressible pipe CFD",
  "mesh_cells": 3993,
  "nx": 121,
  "nz": 33,
  "dt_s": 1.0,
  "stop_duration_s": 300.0,
  "local_length_m": 1200.0,
  "diameter_m": 1.2,
  "nu_m2_s": 0.00015,
  "diffusivity_m2_s": 7.8e-05,
  "buoyancy_scale": 0.08,
  "velocity_clip_mps": 0.4,
  "poisson_iterations": 180,
  "h2_top_mean": 0.11506033379004775,
  "h2_bottom_mean": 0.10026620155661754,
  "n2_top_mean": 0.7748868567766958,
  "n2_bottom_mean": 0.789124176498849,
  "air_top_mean": 0.11005280943325653,
  "air_bottom_mean": 0.11060962194453342,
  "top_bottom_h2_delta": 0.014794132233430207,
  "top_bottom_n2_delta": -0.014237319722153252,
  "top_bottom_air_delta": -0.0005568125112768857,
  "h2_vertical_centroid_m": 0.0237144697641909,
  "n2_vertical_centroid_m": -0.003149202063631905,
  "air_vertical_centroid_m": -0.0008745151100817611,
  "h2_air_vertical_separation_m": 0.024588984874272662,
  "h2_n2_vertical_separation_m": 0.026863671827822806,
  "top_h2_max": 0.8575108674348958,
  "bottom_h2_mean": 0.10026620155661754,
  "flammable_area_ratio": 0.0,
  "flammable_volume_ratio": 0.0,
  "max_speed_mps": 0.22583574497479042,
  "mean_speed_mps": 0.024136625593373488,
  "species_sum_max_error": 2.220446049250313e-16,
  "case_name": "DN1200_u7_p010_stop80_buoyant2d",
  "source_case": "DN1200_u7_p010_stop80",
  "D_m": 1.2,
  "note": "Solved local 2D low-Mach buoyant multi-species transport check. It includes momentum, buoyancy, and H2/N2/Air species transport, but is not a full 3D compressible pipe CFD."
}