{
  "status": "prepared_input_not_solved",
  "case_id": "DN1200_u7_p010_stop80",
  "source_model": "1D H2/N2/Air mole-fraction FVM",
  "D_m": 1.2,
  "u_mps": 7.0,
  "p_back_MPa_abs": 0.1,
  "dx_m": 10.0,
  "beta_K": 0.5,
  "stop_position_fraction": 0.8,
  "stop_position_m": 9600.0,
  "stop_time_s": 1371.4285714285713,
  "h2_front_m": 9602.367292426605,
  "n2_air_front_m": 10562.365684897874,
  "mixed_length_m": 1040.0,
  "effective_n2_length_m": 600.0,
  "flammable_length_m": 0.0,
  "Fr_before_shutdown": 2.115483852889501,
  "Fr_shutdown": 0.0,
  "windows": [
    {
      "name": "h2_n2_front_200m",
      "center_m": 9602.367292426605,
      "start_m": 9502.367292426605,
      "end_m": 9702.367292426605,
      "length_m": 200.0,
      "profile_csv": "windows\\h2_n2_front_200m\\initial_1d_profile.csv",
      "initial_point_vtk": "windows\\h2_n2_front_200m\\initial_field_points.vtk",
      "initial_preview_png": "windows\\h2_n2_front_200m\\initial_profile_preview.png",
      "mean_x_H2": 0.4980933768107929,
      "mean_x_N2": 0.5019066231885315,
      "mean_x_Air": 6.755780518901973e-13,
      "max_x_H2": 0.8144775069849707,
      "max_x_N2": 0.8240349381126244,
      "max_x_Air": 6.433727148948006e-12
    },
    {
      "name": "n2_air_front_200m",
      "center_m": 10562.365684897874,
      "start_m": 10462.365684897874,
      "end_m": 10662.365684897874,
      "length_m": 200.0,
      "profile_csv": "windows\\n2_air_front_200m\\initial_1d_profile.csv",
      "initial_point_vtk": "windows\\n2_air_front_200m\\initial_field_points.vtk",
      "initial_preview_png": "windows\\n2_air_front_200m\\initial_profile_preview.png",
      "mean_x_H2": 4.294767928485841e-15,
      "mean_x_N2": 0.4980920430662111,
      "mean_x_Air": 0.5019079569337845,
      "max_x_H2": 1.3615107881903225e-14,
      "max_x_N2": 0.8146050375031945,
      "max_x_Air": 0.8241672764012363
    },
    {
      "name": "full_isolation_zone_1200m",
      "center_m": 10082.36648866224,
      "start_m": 9482.36648866224,
      "end_m": 10682.36648866224,
      "length_m": 1200.0,
      "profile_csv": "windows\\full_isolation_zone_1200m\\initial_1d_profile.csv",
      "initial_point_vtk": "windows\\full_isolation_zone_1200m\\initial_field_points.vtk",
      "initial_preview_png": "windows\\full_isolation_zone_1200m\\initial_profile_preview.png",
      "mean_x_H2": 0.10541965685219738,
      "mean_x_N2": 0.7867052225343717,
      "mean_x_Air": 0.1078751206134309,
      "max_x_H2": 0.8575108674348957,
      "max_x_N2": 0.9999844747481532,
      "max_x_Air": 0.8690722070000326
    }
  ],
  "important_note": "This is an external CFD input package, not solved CFD output."
}